id,first_name,last_name,email,phone_number,username,password_encrypted,latitude,longitude,photo
1,Faun,Cartin,fcartin0@miitbeian.gov.cn,392-699-2585,fcartin0,8Dd5Ye,66.407021,112.2977807,images/people/person1.jpg
2,Matthus,Anthony,manthony1@amazon.de,378-604-3790,manthony1,8AtMUV,10.7930794,125.6860723,images/people/person2.jpg
3,Justis,Marsham,jmarsham2@google.com.au,542-115-4392,jmarsham2,J9X7CO,41.6503132,19.620782,images/people/person3.jpg
4,Bond,Blesdill,bblesdill3@sbwire.com,854-155-6090,bblesdill3,Tt3i64,38.143169,117.497651,images/people/person4.jpg
5,Pavlov,Drews,pdrews4@spiegel.de,941-508-8011,pdrews4,9ebOCDT1DC5,11.1054336,42.3704744,images/people/person5.jpg
6,Lalo,McIlhatton,lmcilhatton5@bbb.org,799-307-4657,lmcilhatton5,s90HWcqKW1,29.655143,121.406995,images/people/person6.jpg
7,Britte,Lorman,blorman6@addtoany.com,583-524-6665,blorman6,LQ0raUWH5AYY,45.35008,-72.51582,images/people/person7.jpg
8,Cathee,Gyorffy,cgyorffy7@columbia.edu,829-284-7343,cgyorffy7,xJoSfNAged,7.1061769,125.6424056,images/people/person8.jpg
9,Alisa,Rustidge,arustidge8@oaic.gov.au,258-509-1226,arustidge8,0kC1k2oW9zS,9.7220855,6.1112878,images/people/person9.jpg
10,Adriana,Chalice,achalice9@360.cn,638-400-2629,achalice9,BJuUh97q,-11.9019296,-76.6658165,images/people/person10.jpg
11,Georgianne,Parish,gparisha@ycombinator.com,241-426-6146,gparisha,tbuTeV,45.7967858,4.8427596,images/people/person11.jpg
12,Jodie,Stovold,jstovoldb@google.com.hk,760-823-8056,jstovoldb,pKSXQcWkd,-14.6594083,17.6984879,images/people/person12.jpg
13,Towney,Alltimes,talltimesc@hud.gov,295-938-4953,talltimesc,ebGp5jY1e0Q,39.867984,117.433236,images/people/person13.jpg
14,Allyn,Armal,aarmald@soup.io,338-779-1830,aarmald,gXpe9lA4,30.699176,120.318178,images/people/person14.jpg
15,Thomasine,Swin,tswine@google.pl,463-256-8407,tswine,kwXGQv9mvP,51.5111902,16.263731,images/people/person15.jpg
16,Leighton,Kellart,lkellartf@msn.com,225-914-8221,lkellartf,fWAKixptO,29.841438,114.322439,images/people/person16.jpg
17,Emilio,Walkley,ewalkleyg@unc.edu,322-731-1650,ewalkleyg,ci1rQwKgHXR,35.083703,97.910792,images/people/person17.jpg
18,Oralee,Feldhammer,ofeldhammerh@google.co.jp,129-100-5074,ofeldhammerh,PzFzhN,7.1807223,124.2218256,images/people/person18.jpg
19,Martainn,Hedon,mhedoni@booking.com,630-479-3369,mhedoni,uM0EqTfOA,-22.5845295,-44.0491741,images/people/person19.jpg
20,Cathi,Smart,csmartj@accuweather.com,132-564-9323,csmartj,7yiZEbZd,30.694308,104.012972,images/people/person20.jpg
21,Jakie,Sharpous,jsharpousk@prweb.com,457-249-5475,jsharpousk,Kpq1J4JeX,0.8070691,24.4529792,images/people/person21.jpg
22,Pen,Trassler,ptrasslerl@sun.com,185-627-7603,ptrasslerl,9vFD1mlbuh,18.6367692,-69.2696692,images/people/person22.jpg
23,Viki,Everil,veverilm@storify.com,741-757-2059,veverilm,X02JAulf,4.9801882,23.941751,images/people/person23.jpg
24,Clea,Sothern,csothernn@huffingtonpost.com,401-221-9251,csothernn,4kD2eNS4Aq,14.6141298,121.0143507,images/people/person24.jpg
25,Nady,Wigfield,nwigfieldo@gmpg.org,391-966-3878,nwigfieldo,9v4oDexQ,5.31494,95.9706,images/people/person25.jpg
26,Judye,Byfield,jbyfieldp@fc2.com,374-875-8388,jbyfieldp,CSBlyMC,52.1012559,21.053265,images/people/person26.jpg
27,Marney,Janusz,mjanuszq@diigo.com,733-619-7645,mjanuszq,z6NMYdP9tw,-7.2299572,-39.4122984,images/people/person27.jpg
28,Lyman,Bower,lbowerr@ibm.com,207-460-2584,lbowerr,iIaMsOwxKgHf,14.0804623,-90.3793599,images/people/person28.jpg
29,Micky,Janiak,mjaniaks@nba.com,661-389-4813,mjaniaks,tv9IQk98H,34.7,-118.14,images/people/person29.jpg
30,Kathlin,Driffield,kdriffieldt@issuu.com,383-201-1489,kdriffieldt,RJciAe,40.5484721,44.9618132,images/people/person30.jpg
31,Noam,Parmer,nparmeru@marketwatch.com,880-977-9340,nparmeru,Dp7qmhLQ65,11.996688,125.4500814,images/people/person31.jpg
32,Ranna,Noddle,rnoddlev@va.gov,780-349-0638,rnoddlev,d3OLN4AJuhZ,56.1636909,21.1594809,images/people/person32.jpg
33,Madelena,Imms,mimmsw@discuz.net,619-785-8602,mimmsw,eObonQ6i,32.903454,-117.2195678,images/people/person33.jpg
34,Fee,Finan,ffinanx@dion.ne.jp,700-905-0721,ffinanx,SPnqAE34IFu,56.2462038,14.6265298,images/people/person34.jpg
35,Markus,Daviot,mdavioty@cisco.com,146-858-2326,mdavioty,jV7N2LA,-27.240063,-48.6336183,images/people/person35.jpg
36,Tucky,Awty,tawtyz@addthis.com,438-836-8674,tawtyz,LPmiIz,25.2048493,55.2707828,images/people/person36.jpg
37,Dolph,Jakovijevic,djakovijevic10@nymag.com,570-356-8580,djakovijevic10,3AXIvdxshv7,-33.229046,-54.3576473,images/people/person37.jpg
38,Jodi,Quittonden,jquittonden11@mlb.com,226-604-1743,jquittonden11,9AX4qN,6.1244023,100.3674801,images/people/person38.jpg
39,Krisha,Screen,kscreen12@123-reg.co.uk,656-638-6485,kscreen12,SHRPAKlDs9db,24.390595,114.522393,images/people/person39.jpg
40,Alysa,Warden,awarden13@hc360.com,324-239-5128,awarden13,LFxGsL0g8iwL,23.624141,116.289146,images/people/person40.jpg
41,Amandi,Rough,arough14@wikipedia.org,492-578-6095,arough14,7zQQHk,-26.8193949,-65.1435685,images/people/person41.jpg
42,Nate,Mattiussi,nmattiussi15@ebay.co.uk,759-793-9426,nmattiussi15,NHBd9bguo6P,50.0231437,14.4142733,images/people/person42.jpg
43,Edan,Whittles,ewhittles16@prnewswire.com,490-230-4664,ewhittles16,FzgN03rGle3R,-6.7519382,-38.2314566,images/people/person43.jpg
44,Eberhard,Leinweber,eleinweber17@qq.com,414-480-7607,eleinweber17,jSNgpCB,19.241239,108.758458,images/people/person44.jpg
45,Celinka,Ysson,cysson18@home.pl,811-704-4818,cysson18,Wh4poUybWqRR,52.5433958,13.4413606,images/people/person45.jpg
46,Bethena,Culpen,bculpen19@oakley.com,645-983-5788,bculpen19,ZGI1KD,-10.5971,121.8889,images/people/person46.jpg
47,Esther,Cummings,ecummings1a@pbs.org,547-869-4955,ecummings1a,4PohIY,3.2093353,101.6716295,images/people/person47.jpg
48,Gauthier,Trevan,gtrevan1b@gnu.org,169-933-8298,gtrevan1b,ekaZOtasX,30.274084,120.15507,images/people/person48.jpg
49,Drusilla,Lorraway,dlorraway1c@hugedomains.com,763-434-4631,dlorraway1c,3u3IUH7e60X,43.2370452,23.1251092,images/people/person49.jpg
50,Pansy,Merigot,pmerigot1d@timesonline.co.uk,981-876-3809,pmerigot1d,cBu0b7a,1.8786869,9.9716585,images/people/person50.jpg
51,Carling,Phare,cphare1e@blog.com,773-512-3401,cphare1e,qDVSBmRU,-0.3915604,102.2862694,images/people/person51.jpg
52,Joannes,Daffey,jdaffey1f@wiley.com,353-966-7654,jdaffey1f,t06JIkoHJ6uQ,12.41086,108.17682,images/people/person52.jpg
53,Juana,Rosoman,jrosoman1g@shop-pro.jp,252-157-8622,jrosoman1g,uvGDMJe,1.2296124,-77.3439283,images/people/person53.jpg
54,Artie,Tufts,atufts1h@goo.gl,810-665-2076,atufts1h,4DBxfaosWmX,38.9424786,105.6553049,images/people/person54.jpg
55,Ellissa,Grafham,egrafham1i@163.com,718-948-7242,egrafham1i,plVfIrbV,62.2030006,23.1762739,images/people/person55.jpg
56,Denna,Ellingham,dellingham1j@msn.com,867-111-3047,dellingham1j,4cf6BmI1,13.2838698,5.4201377,images/people/person56.jpg
57,Eleen,Ahearne,eahearne1k@pagesperso-orange.fr,495-594-3869,eahearne1k,1PK0iGRrZb,49.548202,124.364153,images/people/person57.jpg
58,Keen,Brabyn,kbrabyn1l@tripadvisor.com,591-663-8108,kbrabyn1l,Qs9ZKYR7RQj,13.9142931,-87.921223,images/people/person58.jpg
59,Cameron,Crowden,ccrowden1m@lulu.com,902-401-5113,ccrowden1m,vj2moTNYd09z,-7.7629501,112.7271303,images/people/person59.jpg
60,Gearalt,Redwood,gredwood1n@weather.com,368-479-1153,gredwood1n,GKJFpIg,49.6492023,26.9757217,images/people/person60.jpg
61,Earle,Peers,epeers1o@github.com,433-625-5977,epeers1o,qEL0LYY3Z23n,-0.9807341,30.2512728,images/people/person61.jpg
62,Kacie,Rivallant,krivallant1p@netlog.com,841-502-2556,krivallant1p,5sTjHvaQm,41.3176391,-8.5425485,images/people/person62.jpg
63,Vilma,McSweeney,vmcsweeney1q@sitemeter.com,480-128-7007,vmcsweeney1q,dS9q1kZ,50.5888258,16.8098022,images/people/person63.jpg
64,Maude,Blake,mblake1r@paypal.com,873-150-3999,mblake1r,LRixF5k,45.2759652,39.9140414,images/people/person64.jpg
65,Shirline,Domenichelli,sdomenichelli1s@studiopress.com,559-324-0734,sdomenichelli1s,5Zj1R89Vo,34.0055653,133.5697428,images/people/person65.jpg
66,Ariadne,Skyppe,askyppe1t@ca.gov,826-822-8987,askyppe1t,6bYSmF5,38.4499141,141.3800956,images/people/person66.jpg
67,Owen,Lessmare,olessmare1u@yahoo.co.jp,820-801-4713,olessmare1u,8TGS9EN22,-32.9761161,-60.6550859,images/people/person67.jpg
68,Christen,Hughs,chughs1v@goo.gl,562-576-5276,chughs1v,bXjFxee,48.9309635,17.3505089,images/people/person68.jpg
69,Karlyn,Suerz,ksuerz1w@sitemeter.com,657-756-4004,ksuerz1w,nSmtYL3IR81r,39.66667,22.38333,images/people/person69.jpg
70,Lewie,Claesens,lclaesens1x@123-reg.co.uk,803-454-9263,lclaesens1x,wYoRqfVyre1z,34.269432,118.625848,images/people/person70.jpg
71,Christoph,Camelia,ccamelia1y@e-recht24.de,983-536-9297,ccamelia1y,aslinXtlZSEk,12.0036455,107.6876481,images/people/person71.jpg
72,Simona,Flanner,sflanner1z@wufoo.com,313-313-0938,sflanner1z,8sKT8B370,18.9436472,-69.7912411,images/people/person72.jpg
73,Florencia,Miners,fminers20@jugem.jp,310-809-3098,fminers20,dyB3T4f01,33.9596334,-118.3286614,images/people/person73.jpg
74,Estrellita,Degoe,edegoe21@amazon.com,892-556-2639,edegoe21,lODrwY,36.675439,140.6715934,images/people/person74.jpg
75,Jilli,Wehner,jwehner22@edublogs.org,885-573-1251,jwehner22,7Al196,47.2243648,1.7394788,images/people/person75.jpg
76,Jammie,Kemell,jkemell23@nationalgeographic.com,383-177-5273,jkemell23,oRstvpUrV,32.1957948,48.254283,images/people/person76.jpg
77,Julita,Merredy,jmerredy24@bbb.org,234-422-0562,jmerredy24,aerdRLArp4Jf,23.9179637,120.6775054,images/people/person77.jpg
78,Fin,Spickett,fspickett25@youtu.be,774-776-4802,fspickett25,R451Mk,41.0394733,-8.5310302,images/people/person78.jpg
79,Lorrin,Rickesies,lrickesies26@nymag.com,923-117-6473,lrickesies26,kOUJU4eL6,35.819227,108.019549,images/people/person79.jpg
80,Artie,Wickrath,awickrath27@godaddy.com,272-915-7369,awickrath27,OReTADopUfR,30.4752269,106.641749,images/people/person80.jpg
81,Bruce,Osichev,bosichev28@live.com,187-467-7890,bosichev28,UHsYAbuXCI5Q,55.6971524,37.5293105,images/people/person81.jpg
82,Cinderella,Yegorev,cyegorev29@ucoz.ru,256-550-0717,cyegorev29,TfrlkeYnsanx,26.8310493,68.1194872,images/people/person82.jpg
83,Agnella,Frosch,afrosch2a@wordpress.com,622-242-7843,afrosch2a,7DvKpM,6.552741,-72.5003179,images/people/person83.jpg
84,Dannel,Escot,descot2b@deviantart.com,367-275-0841,descot2b,xR1ITl6,45.9120061,6.1549499,images/people/person84.jpg
85,Eugine,Itzhaiek,eitzhaiek2c@squidoo.com,711-562-5710,eitzhaiek2c,UavAEkctMA,13.576473,105.9699878,images/people/person85.jpg
86,Port,Clyde,pclyde2d@intel.com,288-978-7543,pclyde2d,Mg7tZKhNZ,47.4389969,101.7525358,images/people/person86.jpg
87,Bartie,Sinclair,bsinclair2e@earthlink.net,511-827-0025,bsinclair2e,98MHvR,40.417358,117.500558,images/people/person87.jpg
88,Dorry,Garci,dgarci2f@google.nl,281-379-9663,dgarci2f,HNn8Ue8Q,2.9344837,-75.2809001,images/people/person88.jpg
89,Sadie,Costellow,scostellow2g@hibu.com,570-947-1921,scostellow2g,orTfGw3pzUX,-24.9288708,-53.4392535,images/people/person89.jpg
90,Tina,Pancost,tpancost2h@feedburner.com,591-788-8356,tpancost2h,Ds0si65VIyA,3.60783,98.8076849,images/people/person90.jpg
91,Misty,Olyunin,molyunin2i@google.ru,926-383-5033,molyunin2i,94nR6n,51.3842543,58.9999439,images/people/person91.jpg
92,Christabel,Myers,cmyers2j@cbsnews.com,312-646-7964,cmyers2j,h3D7BDg,-8.401854,114.118103,images/people/person92.jpg
93,Ainslie,Carty,acarty2k@youku.com,984-266-8295,acarty2k,UtRjlmP,8.0693651,123.535497,images/people/person93.jpg
94,Lorine,Hyndson,lhyndson2l@state.gov,285-832-3972,lhyndson2l,38rZ2pugy5,-30.2488032,-54.9226452,images/people/person94.jpg
95,Toby,Ambler,tambler2m@uiuc.edu,541-129-4773,tambler2m,axSKTlL,11.2666664,123.7333298,images/people/person95.jpg
96,Pate,Toyne,ptoyne2n@ameblo.jp,513-156-4176,ptoyne2n,WLleSlaOmg4,-5.0636851,-73.8563741,images/people/person96.jpg
97,Urbain,Mosdill,umosdill2o@globo.com,965-388-1165,umosdill2o,6WxbeZIZXDD,21.857958,111.982232,images/people/person97.jpg
98,Maxy,Scoone,mscoone2p@ask.com,685-402-5674,mscoone2p,fQCxq0x6HeO,2.941214,-73.207468,images/people/person98.jpg
99,Francisca,Kelson,fkelson2q@oracle.com,995-928-3173,fkelson2q,U8ntMUzUyqr,53.5855087,-116.4428615,images/people/person99.jpg
100,Jackson,Merrell,jmerrell2r@alexa.com,842-186-6820,jmerrell2r,ZW4er9xA5C9,32.5992796,73.4803095,images/people/person100.jpg
101,Giorgi,Kroger,gkroger2s@blog.com,977-625-1251,gkroger2s,WFeOAgx,40.3698651,48.1644626,images/people/person101.jpg
102,Roth,Rigeby,rrigeby2t@flavors.me,345-251-3455,rrigeby2t,CseJEz1V,-4.5699815,-45.133574,images/people/person102.jpg
103,Jaime,Blowin,jblowin2u@printfriendly.com,434-576-0290,jblowin2u,mJmvA6Ia52lU,12.734087,-86.1217424,images/people/person103.jpg
104,Rorke,Josebury,rjosebury2v@sina.com.cn,219-494-8712,rjosebury2v,qKTO0OP,-19.157438,-45.4447859,images/people/person104.jpg
105,Etty,Choake,echoake2w@xrea.com,955-411-1954,echoake2w,VaKxOO4i,52.4934588,82.7806142,images/people/person105.jpg
106,Aldo,Lerego,alerego2x@pcworld.com,235-388-0191,alerego2x,9mYR0Wks6SzT,19.3579802,-99.0806088,images/people/person106.jpg
107,Allx,Broadey,abroadey2y@jimdo.com,159-485-9204,abroadey2y,59ER7r,-8.7433,121.7445,images/people/person107.jpg
108,Emera,Brimacombe,ebrimacombe2z@parallels.com,492-335-3435,ebrimacombe2z,MbiQJAWKlAhB,12.304106,124.834849,images/people/person108.jpg
109,Roda,Pounds,rpounds30@gizmodo.com,196-789-2353,rpounds30,KjCNIjsqfd,54.3834709,60.8003422,images/people/person109.jpg
110,Delmar,Robke,drobke31@dyndns.org,638-914-4008,drobke31,cO1W3zaEG,51.9500617,6.3130893,images/people/person110.jpg
111,Ruggiero,Upton,rupton32@cdbaby.com,964-596-9725,rupton32,q7EeN9tFpY,29.49574,111.926694,images/people/person111.jpg
112,Pauly,Ahren,pahren33@amazon.co.jp,321-659-9423,pahren33,XgA0FENtFbV,39.3547141,67.8569785,images/people/person112.jpg
113,Gabriello,McGuggy,gmcguggy34@github.io,812-421-4154,gmcguggy34,FhaGofPR,38.03,-87.58,images/people/person113.jpg
114,Guilbert,Allot,gallot35@nih.gov,452-384-5565,gallot35,1Sw2Qmcc,34.292397,119.707591,images/people/person114.jpg
115,Gabriellia,Healing,ghealing36@topsy.com,277-758-2404,ghealing36,9Miz2x,14.5144041,121.0406718,images/people/person115.jpg
116,Germana,Cranson,gcranson37@youtube.com,698-603-4137,gcranson37,bhBzW7X,30.4338104,31.0564425,images/people/person116.jpg
117,Charmaine,Barstock,cbarstock38@digg.com,198-785-5374,cbarstock38,WdQMwWUGig,59.9207975,20.9091298,images/people/person117.jpg
118,Bev,Stuther,bstuther39@qq.com,876-958-0504,bstuther39,8jBy2r60vu0Y,14.5033033,-90.5721841,images/people/person118.jpg
119,Ruthann,Coenraets,rcoenraets3a@toplist.cz,252-968-6533,rcoenraets3a,SmBwp6qG,51.38494,30.19978,images/people/person119.jpg
120,Michelina,Lardez,mlardez3b@soundcloud.com,635-839-8297,mlardez3b,YEB19xkjyj,8.4297819,-82.8317486,images/people/person120.jpg
121,Monro,Beecker,mbeecker3c@parallels.com,998-412-0687,mbeecker3c,EpL5UKSt6hVO,58.9583506,5.7740124,images/people/person121.jpg
122,Judie,Jirka,jjirka3d@google.ca,388-904-2758,jjirka3d,7qPszbRs9Au,43.3152889,-1.9514657,images/people/person122.jpg
123,Meyer,Stanner,mstanner3e@vkontakte.ru,176-410-8346,mstanner3e,enIxunmVFvv8,45.4972764,9.203123,images/people/person123.jpg
124,Nonna,Cunniff,ncunniff3f@taobao.com,258-233-2145,ncunniff3f,0myBLl,39.0730329,141.7138242,images/people/person124.jpg
125,Gabie,Tidbury,gtidbury3g@mediafire.com,275-518-1460,gtidbury3g,POcvtRAn,48.3688297,14.4310149,images/people/person125.jpg
126,Lura,Trustey,ltrustey3h@rediff.com,417-655-7837,ltrustey3h,EFbh62gyEO,17.9835237,100.051784,images/people/person126.jpg
127,Issiah,Bullers,ibullers3i@google.nl,553-282-6801,ibullers3i,0mt82daFTK7d,27.519549,114.073416,images/people/person127.jpg
128,Rooney,O' Mara,romara3j@typepad.com,841-176-4242,romara3j,V5iYJ7oj,40.4930573,23.6502521,images/people/person128.jpg
129,Kacie,Klass,kklass3k@rediff.com,182-709-4793,kklass3k,Wr2caXBk,-16.1976908,-48.7060608,images/people/person129.jpg
130,Kylie,Rosario,krosario3l@google.com.hk,355-566-5852,krosario3l,T0mwUNv0B5H3,44.774428,19.5121851,images/people/person130.jpg
131,Timothea,Lambdon,tlambdon3m@hud.gov,539-516-1337,tlambdon3m,uYTq5rFIA1,-6.9278214,108.3474974,images/people/person131.jpg
132,Rayshell,Bleaden,rbleaden3n@ocn.ne.jp,636-166-6215,rbleaden3n,rrO4X4cRzk,7.1849927,124.1839966,images/people/person132.jpg
133,Warren,Scothern,wscothern3o@virginia.edu,559-272-1632,wscothern3o,GKSyEu,23.12911,113.264385,images/people/person133.jpg
134,Dorrie,Fehely,dfehely3p@nydailynews.com,116-733-6888,dfehely3p,y8V1odk3,34.866667,9.783333,images/people/person134.jpg
135,Amaleta,Moye,amoye3q@aol.com,905-960-3532,amoye3q,NRfrkSuzU,36.512506,118.542982,images/people/person135.jpg
136,Corey,Berrie,cberrie3r@netvibes.com,749-371-9267,cberrie3r,Ff6ZpvrV9yq,38.7917289,-27.306593,images/people/person136.jpg
137,Mordecai,Kabisch,mkabisch3s@issuu.com,975-489-7678,mkabisch3s,SAtfJcj752M,22.928305,113.207187,images/people/person137.jpg
138,Mayor,Morrowe,mmorrowe3t@paginegialle.it,368-602-1136,mmorrowe3t,zkiOBqgUte,53.9559626,38.2899306,images/people/person138.jpg
139,Krissie,Radki,kradki3u@ocn.ne.jp,417-343-6252,kradki3u,fJDiZZBM,57.5637205,48.7739491,images/people/person139.jpg
140,Nell,Jeayes,njeayes3v@printfriendly.com,236-235-9819,njeayes3v,NdwG1Vg5t,31.145454,121.121123,images/people/person140.jpg
141,Ilyssa,Gorghetto,igorghetto3w@webs.com,585-946-0575,igorghetto3w,xUSzrYi42OZ,48.3694747,34.4573326,images/people/person141.jpg
142,Norene,Dekeyser,ndekeyser3x@shareasale.com,672-412-8202,ndekeyser3x,g3P8Whs,35.5603286,133.1965067,images/people/person142.jpg
143,Felipe,Do,fdo3y@usda.gov,520-210-8991,fdo3y,F0UdLN,-15.1689352,22.4291464,images/people/person143.jpg
144,Gilligan,Lauthian,glauthian3z@t-online.de,304-303-5764,glauthian3z,bUMRR1G,38.42,-82.47,images/people/person144.jpg
145,Jolynn,Dibden,jdibden40@merriam-webster.com,268-505-4527,jdibden40,KkRCQG3JA9I,32.8676912,-80.017511,images/people/person145.jpg
146,Anne,Clowes,aclowes41@nasa.gov,406-471-9544,aclowes41,IELVLq,-14.844135,35.3466253,images/people/person146.jpg
147,Zondra,Livingstone,zlivingstone42@list-manage.com,287-611-4817,zlivingstone42,0SNSoI,41.676243,125.769983,images/people/person147.jpg
148,Alfonso,Middlemass,amiddlemass43@de.vu,346-289-2985,amiddlemass43,e9f4Ih,18.7634836,-70.3352881,images/people/person148.jpg
149,Debbie,Hastwall,dhastwall44@amazon.co.uk,122-806-6675,dhastwall44,Ob5Cp5Y5J12,28.682892,115.858197,images/people/person149.jpg
150,Amelie,Boch,aboch45@google.ru,329-612-9196,aboch45,O8PHCZzycpVd,61.7904399,29.3146856,images/people/person150.jpg
151,Tiebold,Mahaddy,tmahaddy46@youku.com,289-540-2325,tmahaddy46,JjowD5qPg,13.9734064,121.6889505,images/people/person151.jpg
152,Carter,Mold,cmold47@hud.gov,343-890-4181,cmold47,q8vE20FUl5Rn,43.0429124,1.9038837,images/people/person152.jpg
153,Sallyanne,Ellison,sellison48@people.com.cn,937-824-9949,sellison48,a9DhiEbk7Nb4,12.9235132,-85.8396655,images/people/person153.jpg
154,Shandeigh,Emlyn,semlyn49@sakura.ne.jp,922-763-5575,semlyn49,o7vcyw,-6.59278,106.51306,images/people/person154.jpg
155,Renate,Aloigi,raloigi4a@furl.net,605-850-2035,raloigi4a,iB13w6rR,22.781631,108.273158,images/people/person155.jpg
156,Tarra,Marcus,tmarcus4b@admin.ch,285-697-9544,tmarcus4b,aOv4CEQvrvoz,-6.9013005,111.9611919,images/people/person156.jpg
157,Martyn,Seyler,mseyler4c@constantcontact.com,224-260-4028,mseyler4c,d8kH8kx4eh,56.0297222,37.1691666,images/people/person157.jpg
158,Flo,Mannin,fmannin4d@google.com.br,685-364-6988,fmannin4d,MGFxhWO2Isw,-34.3867245,-72.0047731,images/people/person158.jpg
159,Issie,Craigmile,icraigmile4e@wp.com,227-947-7964,icraigmile4e,rQYxApD,11.183333,42.933333,images/people/person159.jpg
160,Persis,Bachellier,pbachellier4f@ibm.com,281-355-7248,pbachellier4f,JLFGKJGylQ3,39.8230099,119.4891595,images/people/person160.jpg
161,Lorant,Revington,lrevington4g@bing.com,742-896-9264,lrevington4g,gFfecfL,34.8809639,44.6207633,images/people/person161.jpg
162,Fiann,Vain,fvain4h@sphinn.com,257-102-1693,fvain4h,KaYfzpe,-6.8622047,111.6051176,images/people/person162.jpg
163,Liva,Murtell,lmurtell4i@bloomberg.com,211-421-6083,lmurtell4i,w7L4Yi1,29.1070609,48.1239894,images/people/person163.jpg
164,Mason,MacAulay,mmacaulay4j@1und1.de,370-631-5517,mmacaulay4j,vXH2fa,30.198506,119.497769,images/people/person164.jpg
165,Marylee,Dalmon,mdalmon4k@goodreads.com,745-473-5582,mdalmon4k,o6SqAfrAfC,57.857193,11.91635,images/people/person165.jpg
166,Jerry,Bolmann,jbolmann4l@digg.com,407-913-0686,jbolmann4l,PkBIOg7aMk,39.405075,117.441505,images/people/person166.jpg
167,Aila,Hasnney,ahasnney4m@aol.com,454-538-7958,ahasnney4m,V9Uxe3b,54.0254025,39.811744,images/people/person167.jpg
168,Cortney,Joblin,cjoblin4n@aol.com,812-492-8688,cjoblin4n,EFTmKPVw,32.13698,35.18595,images/people/person168.jpg
169,Katinka,Sames,ksames4o@indiatimes.com,757-921-2199,ksames4o,DHwBqd1f,16.4359827,104.3559158,images/people/person169.jpg
170,Koressa,Benoy,kbenoy4p@shutterfly.com,148-829-4562,kbenoy4p,2l5bTpPsMIa,57.7516519,12.898467,images/people/person170.jpg
171,Hieronymus,Twiname,htwiname4q@phpbb.com,642-675-1059,htwiname4q,xWoMsTizr,16.098935,-88.8094906,images/people/person171.jpg
172,Thurstan,Berringer,tberringer4r@bandcamp.com,259-593-6229,tberringer4r,nUrEj5lz,6.83249,124.454363,images/people/person172.jpg
173,Gabriela,Roofe,groofe4s@theatlantic.com,868-909-2369,groofe4s,amehUTPgmBM,33.09803,115.858361,images/people/person173.jpg
174,Leena,Knowlden,lknowlden4t@shutterfly.com,512-722-8294,lknowlden4t,9fbGA8aNYpGf,-2.6986297,-59.7002779,images/people/person174.jpg
175,Brinna,Tipple,btipple4u@narod.ru,424-124-4287,btipple4u,bLQcQQsoVI,14.1313261,122.8277624,images/people/person175.jpg
176,Ryun,Fowell,rfowell4v@tripadvisor.com,943-205-8334,rfowell4v,IGxkE9oVM8,60.2093922,24.7375208,images/people/person176.jpg
177,Kienan,Scarasbrick,kscarasbrick4w@bizjournals.com,528-270-7194,kscarasbrick4w,K7WPcBMl3C,39.918983,116.47861,images/people/person177.jpg
178,Polly,Coutts,pcoutts4x@cbc.ca,160-321-9394,pcoutts4x,4ql1o2bgu,50.0374431,20.888073,images/people/person178.jpg
179,Rosemarie,Sibyllina,rsibyllina4y@printfriendly.com,307-916-7799,rsibyllina4y,lwiS9aV6Hbn,-6.9480217,112.4440473,images/people/person179.jpg
180,Darwin,Suckling,dsuckling4z@usda.gov,256-982-0797,dsuckling4z,Y7IHQ6,-27.581232,-58.7426968,images/people/person180.jpg
181,Eveleen,Waterson,ewaterson50@e-recht24.de,115-528-4146,ewaterson50,iT7SQ9,-8.0464521,112.3933836,images/people/person181.jpg
182,Giusto,Northey,gnorthey51@ask.com,632-341-7016,gnorthey51,Ja9J7iIH,-12.3325,43.7775,images/people/person182.jpg
183,Collen,Jozsika,cjozsika52@seesaa.net,348-751-4754,cjozsika52,fjYs2E79,52.1675198,20.8799274,images/people/person183.jpg
184,Lynda,Severs,lsevers53@sohu.com,117-244-2167,lsevers53,0sZKmVBeO4R,9.9241833,123.9181504,images/people/person184.jpg
185,Petronella,Danson,pdanson54@hubpages.com,287-762-9779,pdanson54,TZzYHRACBrFK,-37.9973752,-57.5825246,images/people/person185.jpg
186,Lucy,Watkinson,lwatkinson55@va.gov,299-627-2326,lwatkinson55,GP1Ta0ec4,19.242837,-71.531084,images/people/person186.jpg
187,Dinnie,Naisbitt,dnaisbitt56@1und1.de,848-675-4870,dnaisbitt56,lMn0Ka8O,44.8855006,1.2172257,images/people/person187.jpg
188,Rourke,Skpsey,rskpsey57@dedecms.com,527-336-9741,rskpsey57,t82t4AqrPiO,-13.6635336,48.4537424,images/people/person188.jpg
189,Isa,Garbutt,igarbutt58@webeden.co.uk,320-406-8686,igarbutt58,4rVaYD,43.9770581,4.8762265,images/people/person189.jpg
190,Wake,Suddards,wsuddards59@hibu.com,199-906-5120,wsuddards59,Ki6Ww4EUvzPe,34.73564,105.32632,images/people/person190.jpg
191,Serge,Hackey,shackey5a@miibeian.gov.cn,416-560-1391,shackey5a,Zruk9Qrn,-29.5904737,-51.3738524,images/people/person191.jpg
192,Ebenezer,Sparshatt,esparshatt5b@lycos.com,799-198-2905,esparshatt5b,0cg1gEx0,-19.5722805,-65.7550063,images/people/person192.jpg
193,Lenka,Killford,lkillford5c@jimdo.com,124-382-3535,lkillford5c,1nYViVPJ8,27.353091,118.015602,images/people/person193.jpg
194,Marion,Escoffier,mescoffier5d@purevolume.com,486-658-0285,mescoffier5d,B15yaHnD5IED,10.8967752,-74.8214693,images/people/person194.jpg
195,Mayne,Wrench,mwrench5e@virginia.edu,905-292-8144,mwrench5e,H5MYzYvHW,8.919623,124.783907,images/people/person195.jpg
196,Yasmin,Mcsarry,ymcsarry5f@ehow.com,453-513-3737,ymcsarry5f,pFDExc2,49.9713653,29.7636724,images/people/person196.jpg
197,Dominic,Hellewell,dhellewell5g@joomla.org,493-883-0815,dhellewell5g,v38wqyMwBlnx,44.730869,110.770203,images/people/person197.jpg
198,Wyn,Foottit,wfoottit5h@miibeian.gov.cn,861-901-9964,wfoottit5h,rGoRmg8mpHF4,33.868434,113.054801,images/people/person198.jpg
199,Roch,Cleugher,rcleugher5i@newyorker.com,812-783-9722,rcleugher5i,gKIKKH7PfT,32.5326308,20.5870955,images/people/person199.jpg
200,Gena,Peaden,gpeaden5j@reuters.com,539-653-7055,gpeaden5j,AgAheOC,-6.81482,106.40417,images/people/person200.jpg
201,Dorella,Stillert,dstillert5k@etsy.com,513-660-7765,dstillert5k,mupQKXge,46.4566661,33.8723511,images/people/person201.jpg
202,Leon,MacCallester,lmaccallester5l@desdev.cn,722-552-0916,lmaccallester5l,yT3WV4h,-0.931556,-78.60585,images/people/person202.jpg
203,Drugi,Miskimmon,dmiskimmon5m@va.gov,654-382-6267,dmiskimmon5m,HB3ApZP,33.1401715,119.7889248,images/people/person203.jpg
204,Grenville,Warland,gwarland5n@weebly.com,647-264-1939,gwarland5n,x1iqC8ZOBhZ,-6.939153,112.3188749,images/people/person204.jpg
205,Shirlee,Goreway,sgoreway5o@booking.com,894-825-1096,sgoreway5o,NzSy3SL,-20.8878921,55.4247503,images/people/person205.jpg
206,Koo,Helliwell,khelliwell5p@shareasale.com,624-932-6439,khelliwell5p,As4ikmTtq7s,16.78314,43.81265,images/people/person206.jpg
207,Ransell,Lambis,rlambis5q@microsoft.com,740-693-7789,rlambis5q,LUIip0F,-7.7817534,-77.8688851,images/people/person207.jpg
208,Krysta,Dikle,kdikle5r@springer.com,566-942-2920,kdikle5r,XHX2qs0IN,24.176656,107.349803,images/people/person208.jpg
209,Engracia,Dybbe,edybbe5s@wired.com,671-650-9039,edybbe5s,9I4RziZmuW,43.6805415,40.2100333,images/people/person209.jpg
210,Flin,Warrington,fwarrington5t@whitehouse.gov,210-463-4746,fwarrington5t,VmlWVMIa,54.311687,-130.3293111,images/people/person210.jpg
211,Yehudit,Naper,ynaper5u@last.fm,632-146-6044,ynaper5u,hbelpL,32.851086,129.9478595,images/people/person211.jpg
212,Isidro,Janiszewski,ijaniszewski5v@cocolog-nifty.com,267-858-8000,ijaniszewski5v,2DyeSjc9Z,51.3383504,12.3634475,images/people/person212.jpg
213,Yvonne,Astman,yastman5w@geocities.jp,442-236-0686,yastman5w,dR6DoM,40.3999248,49.9789212,images/people/person213.jpg
214,Jerrie,Furbank,jfurbank5x@unicef.org,336-651-5597,jfurbank5x,CtPLXhF6tz2,24.9372186,118.6422409,images/people/person214.jpg
215,Dacie,Felder,dfelder5y@shinystat.com,559-175-5323,dfelder5y,AU3ho0,31.364902,108.249509,images/people/person215.jpg
216,Juana,Frangleton,jfrangleton5z@wufoo.com,978-737-0469,jfrangleton5z,N3gdwPS8sm4G,14.3876884,121.0011959,images/people/person216.jpg
217,Sheilakathryn,Kybbye,skybbye60@livejournal.com,442-444-2588,skybbye60,0cvGDWtz,30.368126,102.814531,images/people/person217.jpg
218,Karalynn,O'Flaherty,koflaherty61@tripadvisor.com,598-590-9657,koflaherty61,RIh0SbO,55.224467,45.8810866,images/people/person218.jpg
219,Rolando,McKiernan,rmckiernan62@sun.com,973-912-6575,rmckiernan62,1DoQCCp,-8.3661233,115.674668,images/people/person219.jpg
220,Stanleigh,Woodhams,swoodhams63@hatena.ne.jp,547-176-0099,swoodhams63,iw0opBj,-6.8713485,111.639243,images/people/person220.jpg
221,Dedie,Novichenko,dnovichenko64@reuters.com,881-909-4572,dnovichenko64,Uk7HSXMqQ,47.2952721,39.8734276,images/people/person221.jpg
222,Stefania,Statter,sstatter65@storify.com,531-837-6312,sstatter65,kLU2FHIW6lE,49.4025357,11.0502709,images/people/person222.jpg
223,Hillyer,Barns,hbarns66@ucla.edu,164-881-9916,hbarns66,CboNcvWzh,35.6479869,36.6795425,images/people/person223.jpg
224,Carlos,Rought,crought67@discovery.com,959-989-8010,crought67,JVPXYnZz,-7.816461,-78.0452048,images/people/person224.jpg
225,Rochelle,Blyth,rblyth68@feedburner.com,130-807-3958,rblyth68,Kz7t4XmMeGY,27.8084474,67.9277909,images/people/person225.jpg
226,Vick,McAllaster,vmcallaster69@cloudflare.com,689-925-8665,vmcallaster69,T3O0CYg,49.86686,19.67676,images/people/person226.jpg
227,Sylas,Danilyuk,sdanilyuk6a@nasa.gov,902-222-8427,sdanilyuk6a,imfFOfz,43.217183,81.836206,images/people/person227.jpg
228,Tiffany,Sydes,tsydes6b@netvibes.com,798-565-8939,tsydes6b,ZhYlds,46.068811,6.568907,images/people/person228.jpg
229,Alfie,MacMichael,amacmichael6c@freewebs.com,495-401-3790,amacmichael6c,sQPTYBT1I9SP,-6.1597768,106.8669252,images/people/person229.jpg
230,Annie,Sadgrove,asadgrove6d@adobe.com,864-789-8854,asadgrove6d,VXNwytgsPQ,-10.8561052,122.9803837,images/people/person230.jpg
231,Cly,Tithecott,ctithecott6e@twitpic.com,378-469-6431,ctithecott6e,8uXWtQJmcSxZ,49.495739,-113.9428983,images/people/person231.jpg
232,Steffen,Foyston,sfoyston6f@slate.com,940-161-9560,sfoyston6f,mMXbgW5v7UE,39.246621,107.666176,images/people/person232.jpg
233,Junette,Hillaby,jhillaby6g@gmpg.org,863-458-9146,jhillaby6g,5yoSjKVMlv,43.0174717,60.011507,images/people/person233.jpg
234,Huntley,Darrigoe,hdarrigoe6h@sina.com.cn,561-583-8068,hdarrigoe6h,qyYI2IsyaR,6.6148458,-71.1686168,images/people/person234.jpg
235,Grace,Cossam,gcossam6i@army.mil,244-489-6549,gcossam6i,SU9x1WV,45.4651444,-74.0798679,images/people/person235.jpg
236,Huntley,Antecki,hantecki6j@japanpost.jp,109-612-3215,hantecki6j,uDQXfdzm,32.009016,112.122426,images/people/person236.jpg
237,Helena,Hulk,hhulk6k@topsy.com,334-138-6715,hhulk6k,l8LFpPp9NOjh,28.7163066,112.007869,images/people/person237.jpg
238,Magdaia,Entissle,mentissle6l@wikipedia.org,366-706-6520,mentissle6l,2WEsmwBDb,40.888872,19.5181312,images/people/person238.jpg
239,Carolan,Ruthen,cruthen6m@moonfruit.com,815-322-6711,cruthen6m,iAU3PBS8IGr2,-8.2849639,-35.9701874,images/people/person239.jpg
240,Melissa,Gimson,mgimson6n@ted.com,170-277-9707,mgimson6n,aE68hxQEW,41.139883,22.5397872,images/people/person240.jpg
241,Steffie,Rame,srame6o@go.com,812-537-3757,srame6o,Q4hw1Cmqq,40.7284708,-73.7830184,images/people/person241.jpg
242,Biddie,Carnalan,bcarnalan6p@yahoo.co.jp,221-878-6000,bcarnalan6p,5ZLJAQ4hy,15.8874847,102.8744945,images/people/person242.jpg
243,Lydie,Haxby,lhaxby6q@hud.gov,273-400-6610,lhaxby6q,yLLWz0L,41.654661,126.154678,images/people/person243.jpg
244,Katlin,Spittal,kspittal6r@marriott.com,931-934-9508,kspittal6r,uuR9JYh4,46.0531262,13.613736,images/people/person244.jpg
245,Luca,Posten,lposten6s@cocolog-nifty.com,398-762-0322,lposten6s,dWispa64sbDt,44.0752881,39.0848844,images/people/person245.jpg
246,Antonie,Hadwen,ahadwen6t@sakura.ne.jp,943-396-0056,ahadwen6t,6ZwcLVA,-7.3058578,109.4259114,images/people/person246.jpg
247,Marthena,Targetter,mtargetter6u@biblegateway.com,749-550-9449,mtargetter6u,RO8yvfppMyw,-6.6134916,111.0579632,images/people/person247.jpg
248,Freddi,McVeighty,fmcveighty6v@tuttocitta.it,500-482-7528,fmcveighty6v,9p4Pbx,58.4046127,13.8543626,images/people/person248.jpg
249,Cyndia,Rattrie,crattrie6w@quantcast.com,703-477-3983,crattrie6w,nffy2R,10.379923,-74.881979,images/people/person249.jpg
250,Dee dee,Arpe,darpe6x@creativecommons.org,937-576-6900,darpe6x,zbILacW9CD,-19.5097867,-41.0165586,images/people/person250.jpg
251,Doll,Duffitt,dduffitt6y@webnode.com,920-666-4187,dduffitt6y,qBsraSjoEfzJ,40.456951,115.974848,images/people/person251.jpg
252,Eadie,Scolli,escolli6z@tinypic.com,290-764-0110,escolli6z,QG9rf6gxRa,-12.8955513,-38.6779363,images/people/person252.jpg
253,Coop,Chasemore,cchasemore70@surveymonkey.com,764-348-8423,cchasemore70,CLZLCE4ZRvi,-8.2447934,123.6455502,images/people/person253.jpg
254,Shauna,Devine,sdevine71@skyrock.com,498-731-8078,sdevine71,Tkuu5k4ckc,58.222051,11.9182903,images/people/person254.jpg
255,Nance,Tapley,ntapley72@ezinearticles.com,330-490-4206,ntapley72,77PTRY1BonH7,41.93167,21.01333,images/people/person255.jpg
256,Costanza,Ranfield,cranfield73@netvibes.com,716-529-3324,cranfield73,OhZC2Vm,12.6151,125.039,images/people/person256.jpg
257,Vladamir,Folling,vfolling74@theguardian.com,237-373-9187,vfolling74,cxgtOLk,34.8702789,138.2530386,images/people/person257.jpg
258,Ramonda,Gayther,rgayther75@nps.gov,860-670-1640,rgayther75,Gcecouiwuv,32.158809,106.666626,images/people/person258.jpg
259,Beau,Gritland,bgritland76@theatlantic.com,667-904-1527,bgritland76,9JCpRU7MB,10.0382093,124.3470114,images/people/person259.jpg
260,Byram,Chessel,bchessel77@bigcartel.com,245-128-5797,bchessel77,bbAyRKQFxJm,-3.3552972,102.7364962,images/people/person260.jpg
261,Pammi,Tuffrey,ptuffrey78@ustream.tv,465-666-6892,ptuffrey78,LQYYOjtWi,24.3482735,116.6988851,images/people/person261.jpg
262,Ferris,Danet,fdanet79@webmd.com,389-953-0444,fdanet79,58skQVfF,37.5096505,-8.0644068,images/people/person262.jpg
263,Killie,Ponten,kponten7a@pcworld.com,799-216-2785,kponten7a,ENxTt3Gq,-21.013792,-42.8376099,images/people/person263.jpg
264,Orelle,Bozworth,obozworth7b@gizmodo.com,355-132-6121,obozworth7b,37APJgZFk,11.0328111,106.3645677,images/people/person264.jpg
265,Patty,Coldbreath,pcoldbreath7c@theglobeandmail.com,731-464-8753,pcoldbreath7c,gsyZq9NFO15,3.4802964,97.8120924,images/people/person265.jpg
266,Far,Whife,fwhife7d@npr.org,329-933-8226,fwhife7d,BGDDEgF,28.953619,111.70719,images/people/person266.jpg
267,Jonas,Proppers,jproppers7e@illinois.edu,677-600-5894,jproppers7e,F83eAKI,63.071925,27.6617536,images/people/person267.jpg
268,Florence,Wesson,fwesson7f@washington.edu,985-595-8301,fwesson7f,HbKAH73,30.71509,31.56241,images/people/person268.jpg
269,D'arcy,Elie,delie7g@illinois.edu,874-139-0507,delie7g,g8H8vDqLdI,38.8757453,-7.1728338,images/people/person269.jpg
270,Harold,Sharp,hsharp7h@mysql.com,213-176-5723,hsharp7h,yww0sdBY3,59.2690301,17.675786,images/people/person270.jpg
271,Rea,Audsley,raudsley7i@dailymail.co.uk,298-758-5254,raudsley7i,fk3ric9Kro9v,-6.712398,106.8945456,images/people/person271.jpg
272,Urbain,Kissick,ukissick7j@myspace.com,770-846-4195,ukissick7j,khtyMy,51.949401,-7.8434254,images/people/person272.jpg
273,Winfield,Mullord,wmullord7k@yelp.com,270-861-8277,wmullord7k,bugjWYTNV9,22.912687,115.297893,images/people/person273.jpg
274,Thorvald,Knottley,tknottley7l@earthlink.net,986-170-6031,tknottley7l,VtLXU7ek,-23.0821226,-52.4622155,images/people/person274.jpg
275,Roscoe,Kimpton,rkimpton7m@flavors.me,469-223-0367,rkimpton7m,IpTA3DjulSbO,55.4928171,45.6316463,images/people/person275.jpg
276,Hanson,Laydon,hlaydon7n@nba.com,321-575-7567,hlaydon7n,r0FXOz,45.4372062,13.5257205,images/people/person276.jpg
277,Renard,Petre,rpetre7o@techcrunch.com,782-460-0437,rpetre7o,GRaskJdH7Ep,21.861787,111.955059,images/people/person277.jpg
278,Terrye,Hunston,thunston7p@dedecms.com,317-379-5610,thunston7p,dtBcEBMoFlw,-7.0967,113.6588,images/people/person278.jpg
279,Renie,Kleinberer,rkleinberer7q@unblog.fr,784-947-4072,rkleinberer7q,8zSfu6,46.2952236,30.6480855,images/people/person279.jpg
280,Ardene,Lilliman,alilliman7r@sina.com.cn,147-835-1514,alilliman7r,cLLpKo,-8.4507433,115.3219823,images/people/person280.jpg
281,Helenka,Okenden,hokenden7s@auda.org.au,100-631-4996,hokenden7s,aYCnnJ7eP,53.4405231,36.8430918,images/people/person281.jpg
282,Bertram,Koopman,bkoopman7t@addthis.com,984-354-3690,bkoopman7t,ejr3DvA9ix,14.72328,102.1609718,images/people/person282.jpg
283,Viviene,Roels,vroels7u@china.com.cn,605-902-8831,vroels7u,6q1FK1,43.521619,-96.722641,images/people/person283.jpg
284,Griffy,Ansell,gansell7v@java.com,132-852-2252,gansell7v,RQIvYB,34.8438311,69.1543939,images/people/person284.jpg
285,Ollie,Eastbury,oeastbury7w@dell.com,198-554-0400,oeastbury7w,Ca3HUcoV0HZL,56.0372083,21.8173884,images/people/person285.jpg
286,Abey,Ivashchenko,aivashchenko7x@goodreads.com,154-450-0266,aivashchenko7x,HwBQGUBrp,44.9263486,2.4396467,images/people/person286.jpg
287,Dalis,Evert,devert7y@wix.com,278-491-4235,devert7y,FFY3qFH1p9a,33.750879,119.193333,images/people/person287.jpg
288,Humphrey,Scutchings,hscutchings7z@paginegialle.it,861-234-1773,hscutchings7z,xgjt97,-8.0075658,-35.0221895,images/people/person288.jpg
289,Ingrid,Spencook,ispencook80@mapquest.com,848-725-5091,ispencook80,VnuMEI,57.7325316,13.0131285,images/people/person289.jpg
290,Lizette,Cricket,lcricket81@hugedomains.com,628-750-9537,lcricket81,KjW2hwR,-1.5798321,-48.598804,images/people/person290.jpg
291,Amberly,Longhurst,alonghurst82@zimbio.com,306-324-3529,alonghurst82,ZLBRFnzD,-5.2915408,-39.4035876,images/people/person291.jpg
292,Katinka,Vicary,kvicary83@wikipedia.org,515-715-5317,kvicary83,unIEzDwm4aW,-42.6232593,-73.7738499,images/people/person292.jpg
293,Cate,Steaning,csteaning84@multiply.com,727-222-6979,csteaning84,Y1rp1J,-12.417342,-38.7158702,images/people/person293.jpg
294,Baxy,Le Fevre,blefevre85@google.pl,592-684-8347,blefevre85,L0T3wNvolY,8.3345712,124.2510844,images/people/person294.jpg
295,Leticia,Mayston,lmayston86@google.co.uk,957-231-6460,lmayston86,xuVy4or5zEIC,31.79051,113.751463,images/people/person295.jpg
296,Bo,Baukham,bbaukham87@army.mil,912-550-5467,bbaukham87,iDzitJywoSR,41.6764745,42.7085996,images/people/person296.jpg
297,Silvan,Loche,sloche88@thetimes.co.uk,506-609-6656,sloche88,vtAmq8U,36.2656673,139.250061,images/people/person297.jpg
298,Lethia,MacKibbon,lmackibbon89@alibaba.com,293-819-1786,lmackibbon89,JusPGjTr,40.3853464,-8.380125,images/people/person298.jpg
299,Corella,Gallally,cgallally8a@comsenz.com,240-954-8835,cgallally8a,0zZkS74TFxmv,48.1944728,25.9320036,images/people/person299.jpg
300,Wynny,Pietzke,wpietzke8b@sourceforge.net,135-513-3580,wpietzke8b,WsJQN8,43.1508732,-79.2056361,images/people/person300.jpg
301,Lorette,Senechell,lsenechell8c@webeden.co.uk,476-904-9438,lsenechell8c,rkvzv05rKD,49.9365011,18.2190463,images/people/person301.jpg
302,Marius,McCaughan,mmccaughan8d@scientificamerican.com,658-618-6067,mmccaughan8d,sgzfSg,0.202957,35.0978385,images/people/person302.jpg
303,Bailey,Rohlfs,brohlfs8e@com.com,702-169-3615,brohlfs8e,1PqRmiTD5a4,38.5385334,-8.889642,images/people/person303.jpg
304,King,Geely,kgeely8f@1688.com,998-225-7043,kgeely8f,FAbmDNKBDgk5,43.6943099,2.0376775,images/people/person304.jpg
305,King,Paquet,kpaquet8g@artisteer.com,593-341-0679,kpaquet8g,34iQ4BrT8OK,-8.928324,-76.1116997,images/people/person305.jpg
306,Kipp,Meneux,kmeneux8h@apple.com,528-619-9950,kmeneux8h,bMCMh4u,-31.4531985,-64.1565402,images/people/person306.jpg
307,Sandye,Kerford,skerford8i@huffingtonpost.com,744-424-4670,skerford8i,hHAqcDFqpI4,15.8137804,120.3404633,images/people/person307.jpg
308,Lamond,Overel,loverel8j@google.fr,494-125-6633,loverel8j,xGfxat73,45.9166015,18.9673241,images/people/person308.jpg
309,Leland,Geldert,lgeldert8k@home.pl,564-707-5623,lgeldert8k,U1Ec3Ou,40.554374,123.475937,images/people/person309.jpg
310,Koral,Bendson,kbendson8l@unicef.org,186-802-5876,kbendson8l,7N46hh,35.1612182,-5.2632201,images/people/person310.jpg
311,Ricky,Clem,rclem8m@europa.eu,405-443-6580,rclem8m,H9sUuy96,35.46,-97.52,images/people/person311.jpg
312,Melamie,Dulson,mdulson8n@economist.com,786-430-6902,mdulson8n,EeEC6HOP7Nc,-9.4449608,119.2311118,images/people/person312.jpg
313,Wright,Offin,woffin8o@ibm.com,124-254-4330,woffin8o,ioaHvVV,-11.268661,-37.43854,images/people/person313.jpg
314,Anestassia,Brearley,abrearley8p@ocn.ne.jp,113-995-0443,abrearley8p,4nQ5Ie,-8.3075674,114.9813499,images/people/person314.jpg
315,Dorolice,Jouandet,djouandet8q@e-recht24.de,230-255-8569,djouandet8q,k1exH3jYyk,40.2715286,44.633383,images/people/person315.jpg
316,Clive,Pether,cpether8r@spiegel.de,942-840-2170,cpether8r,JTVTlDNAHi,-7.0986081,113.5996336,images/people/person316.jpg
317,Clarance,Humes,chumes8s@si.edu,428-870-9141,chumes8s,YEhK72hXb,-8.3488,123.6542,images/people/person317.jpg
318,Wyatan,Ramberg,wramberg8t@amazon.co.jp,217-650-4664,wramberg8t,LKSy3NinU64a,39.7665139,-89.6100521,images/people/person318.jpg
319,Mohandis,Bubbins,mbubbins8u@alibaba.com,920-718-0700,mbubbins8u,nIv4r68,-10.5102117,-37.0530033,images/people/person319.jpg
320,Ginger,Rulton,grulton8v@mit.edu,731-740-3565,grulton8v,STylIjV9F,51.626324,39.4129061,images/people/person320.jpg
321,Constantia,Markovic,cmarkovic8w@tmall.com,989-500-8464,cmarkovic8w,87eR6GPD3No,53.506761,28.1527803,images/people/person321.jpg
322,Dorothy,Monelle,dmonelle8x@ucsd.edu,760-827-2976,dmonelle8x,KhAGDC9tb2f,53.9208518,19.0295929,images/people/person322.jpg
323,Krystyna,Alp,kalp8y@nbcnews.com,747-236-8448,kalp8y,gNQ3nSCGdH9l,45.4942402,18.0674023,images/people/person323.jpg
324,Joey,Worts,jworts8z@google.com.hk,328-457-8815,jworts8z,z1lvNGGW3O,14.903607,120.551341,images/people/person324.jpg
325,Maye,Le Barr,mlebarr90@g.co,812-234-5577,mlebarr90,UcvRlPPSQAI,-8.0212573,-77.7294705,images/people/person325.jpg
326,Cletis,Rainford,crainford91@ibm.com,416-487-1130,crainford91,LKMF0UqzQ5,39.90246,117.485366,images/people/person326.jpg
327,Wynny,Basire,wbasire92@addtoany.com,710-545-1535,wbasire92,P1LXdlQI,53.5862715,16.3876584,images/people/person327.jpg
328,Vito,Gawn,vgawn93@drupal.org,782-214-7448,vgawn93,EinuOa,35.8387024,139.8016577,images/people/person328.jpg
329,Krissy,Rosendahl,krosendahl94@patch.com,349-190-1549,krosendahl94,uS4TnUrN,55.7562751,38.6792665,images/people/person329.jpg
330,Wake,Goodbur,wgoodbur95@narod.ru,887-371-2791,wgoodbur95,rjAypGWo42F,38.134916,115.413779,images/people/person330.jpg
331,Catlin,Baudino,cbaudino96@sourceforge.net,102-219-1134,cbaudino96,BX2NDngRCG,31.607383,35.03913,images/people/person331.jpg
332,Hallie,Eynald,heynald97@paypal.com,689-881-3756,heynald97,0MI1F5L0Y,19.3579802,-99.0806088,images/people/person332.jpg
333,Sherrie,Savine,ssavine98@webeden.co.uk,410-821-2346,ssavine98,vQjYZlay,-20.4827446,-55.8108596,images/people/person333.jpg
334,Silvain,Skrzynski,sskrzynski99@google.fr,911-994-1329,sskrzynski99,0uNccJ9nusa,24.066095,108.664778,images/people/person334.jpg
335,Rodd,Simla,rsimla9a@oaic.gov.au,516-166-4494,rsimla9a,39BTi6ZDhU,40.8143687,-73.7419017,images/people/person335.jpg
336,Eveleen,Choulerton,echoulerton9b@dagondesign.com,647-553-8200,echoulerton9b,LZxLvd,11.5742086,37.3613533,images/people/person336.jpg
337,Mathian,Caulliere,mcaulliere9c@nbcnews.com,751-756-5797,mcaulliere9c,QV9kj0yY6G,41.669412,112.915135,images/people/person337.jpg
338,Virginia,Dumper,vdumper9d@domainmarket.com,257-114-4439,vdumper9d,tYIGcmIkZh5,7.9712866,124.3443856,images/people/person338.jpg
339,Verene,Swaffield,vswaffield9e@simplemachines.org,717-864-5726,vswaffield9e,m5IMS6kmUJC,29.476705,121.869339,images/people/person339.jpg
340,Harold,Le Claire,hleclaire9f@liveinternet.ru,281-721-8724,hleclaire9f,6qglbI,-1.9296172,18.291137,images/people/person340.jpg
341,Malanie,Cassella,mcassella9g@ocn.ne.jp,999-486-2343,mcassella9g,eTDOrCO,16.879252,121.586713,images/people/person341.jpg
342,Ardyce,Biagini,abiagini9h@angelfire.com,449-330-0112,abiagini9h,QLGiX2,41.7811503,-8.6240851,images/people/person342.jpg
343,Dianne,Atchly,datchly9i@sakura.ne.jp,463-351-8496,datchly9i,pibVpMyw6,62.1738098,29.2055142,images/people/person343.jpg
344,Antonin,Bangle,abangle9j@rediff.com,314-489-5814,abangle9j,zrYoxxRV51,49.3359789,20.1084256,images/people/person344.jpg
345,Deirdre,Ragbourn,dragbourn9k@wikipedia.org,150-843-1559,dragbourn9k,zO7R6V1,20.955835,105.7563658,images/people/person345.jpg
346,Shirline,Ellerey,sellerey9l@nasa.gov,499-265-6121,sellerey9l,iqhBjXvgl,50.5131329,17.334602,images/people/person346.jpg
347,Nelie,Vispo,nvispo9m@networksolutions.com,993-782-5765,nvispo9m,VLzB2k,47.4540768,19.0943343,images/people/person347.jpg
348,Poppy,Cruickshank,pcruickshank9n@is.gd,739-829-4418,pcruickshank9n,wkzAg3kGLqq,31.637714,119.716535,images/people/person348.jpg
349,Damon,Hadwin,dhadwin9o@rakuten.co.jp,113-121-9302,dhadwin9o,taVVGAAQdMj1,-31.4834373,-64.2145666,images/people/person349.jpg
350,Myrtice,Kendall,mkendall9p@army.mil,411-425-5264,mkendall9p,4yHDbUTtPI,56.0518037,92.9241062,images/people/person350.jpg
351,Albrecht,Burrill,aburrill9q@imageshack.us,938-281-5991,aburrill9q,c2TSgvD,22.9861757,-82.4102628,images/people/person351.jpg
352,Melessa,O'Lennane,molennane9r@bloglines.com,534-784-5866,molennane9r,PEFBQEkMfy,60.2527141,16.7904143,images/people/person352.jpg
353,Cosetta,Jacquemet,cjacquemet9s@networkadvertising.org,985-887-1978,cjacquemet9s,5CrVrVRlf,37.807809,-25.541625,images/people/person353.jpg
354,Sybyl,Safont,ssafont9t@storify.com,214-303-5182,ssafont9t,GFlbSi,44.934021,-123.3072848,images/people/person354.jpg
355,Libbi,Beades,lbeades9u@sourceforge.net,393-467-2154,lbeades9u,EmNPfnz,-37.9861381,-57.6000001,images/people/person355.jpg
356,Noak,Caurah,ncaurah9v@unicef.org,192-556-2816,ncaurah9v,NLY4CAy6R,59.1477457,10.1916192,images/people/person356.jpg
357,Warden,Muscroft,wmuscroft9w@nytimes.com,657-137-6159,wmuscroft9w,TeXxHWBlof,-3.2622314,104.896546,images/people/person357.jpg
358,Lewiss,Durak,ldurak9x@geocities.com,759-122-7130,ldurak9x,Uphf2Wzlo,-7.2026914,108.1013637,images/people/person358.jpg
359,Terence,Merrison,tmerrison9y@nymag.com,808-223-7256,tmerrison9y,ccs5gD9LJr,21.3488387,-157.9435603,images/people/person359.jpg
360,Sherwin,Tidder,stidder9z@aboutads.info,221-338-6549,stidder9z,XQj1KE,48.8428574,-123.7044012,images/people/person360.jpg
361,Flore,Boodle,fboodlea0@github.io,989-990-8083,fboodlea0,qZRxPcqC,41.1846313,-8.598522,images/people/person361.jpg
362,Lynett,Bumby,lbumbya1@github.com,741-850-7430,lbumbya1,zaC7Iwn,-34.6809602,-58.694037,images/people/person362.jpg
363,Tallie,Tremontana,ttremontanaa2@networkadvertising.org,152-104-8652,ttremontanaa2,rqNJ7RxBce,50.2246249,17.1980471,images/people/person363.jpg
364,Blaire,Lattka,blattkaa3@webeden.co.uk,286-445-7274,blattkaa3,GhZaTj3SdYbC,35.12751,36.21444,images/people/person364.jpg
365,Gavra,Pulley,gpulleya4@github.io,468-959-1954,gpulleya4,GpeW19Imunf,50.0897141,8.271907,images/people/person365.jpg
366,Ulises,Carbert,ucarberta5@lulu.com,217-951-8071,ucarberta5,xdlYL0V,5.9368109,80.5148127,images/people/person366.jpg
367,Skip,Gogay,sgogaya6@example.com,276-148-5173,sgogaya6,ifl4NafnWQLE,46.666415,123.169189,images/people/person367.jpg
368,Lucia,Sandeland,lsandelanda7@chron.com,949-146-7565,lsandelanda7,Ca2iPiKMq,25.038296,102.664376,images/people/person368.jpg
369,Jobi,Corless,jcorlessa8@bbb.org,451-409-1442,jcorlessa8,TFWwng,33.1176647,46.1732912,images/people/person369.jpg
370,Penny,Kirk,pkirka9@mtv.com,754-959-9622,pkirka9,MEYwxkWeZ1Oh,7.679352,7.9266015,images/people/person370.jpg
371,Obed,Collinwood,ocollinwoodaa@telegraph.co.uk,142-718-6551,ocollinwoodaa,vLWSOiPv,45.4289,40.5244001,images/people/person371.jpg
372,Engracia,Pesic,epesicab@guardian.co.uk,339-562-1777,epesicab,DhUopEw1J,34.5739933,-5.9515399,images/people/person372.jpg
373,Paton,Vaissiere,pvaissiereac@princeton.edu,584-945-0536,pvaissiereac,aet4JUCau1i,-6.7543488,108.4602464,images/people/person373.jpg
374,Elia,Tumulty,etumultyad@unc.edu,272-430-1624,etumultyad,L4LjfN,24.2957346,68.2441112,images/people/person374.jpg
375,Axel,Boyde,aboydeae@si.edu,752-430-6113,aboydeae,C1Xutnhso2W,16.5662,121.263,images/people/person375.jpg
376,Gail,Pepall,gpepallaf@columbia.edu,799-776-6532,gpepallaf,4Qu4pFLRJ,48.7707356,2.0803619,images/people/person376.jpg
377,Corey,Astbury,castburyag@ihg.com,997-664-6925,castburyag,BQhY2ks,-33.326671,-60.2336692,images/people/person377.jpg
378,Elias,O' Shea,eosheaah@google.com.hk,793-996-6483,eosheaah,ofQjKbgBj,18.5382815,-72.5293562,images/people/person378.jpg
379,Ursola,Bengall,ubengallai@bbb.org,883-442-0384,ubengallai,V9vaOd,-7.0392183,109.9020509,images/people/person379.jpg
380,Deane,Sudworth,dsudworthaj@seesaa.net,569-816-3839,dsudworthaj,NKKP7S,32.4033247,51.3994672,images/people/person380.jpg
381,Oralle,Reggiani,oreggianiak@salon.com,300-785-6308,oreggianiak,RviUbnAywxGz,9.6311842,106.4877072,images/people/person381.jpg
382,Cybil,Turban,cturbanal@tinyurl.com,459-243-8612,cturbanal,9lyqVpm3HF,-6.183459,106.7647475,images/people/person382.jpg
383,Avigdor,Canellas,acanellasam@psu.edu,559-998-9559,acanellasam,OTZG01,8.2458715,4.8118909,images/people/person383.jpg
384,Shoshana,Breitler,sbreitleran@statcounter.com,735-379-5728,sbreitleran,CfqGrC6Nn,14.8881276,101.7187284,images/people/person384.jpg
385,Laird,Grady,lgradyao@furl.net,344-667-3026,lgradyao,05YcLNBjzz,-6.9069547,107.5593913,images/people/person385.jpg
386,Frazier,Atherley,fatherleyap@ebay.com,174-352-9711,fatherleyap,Rm04d66,42.3332013,142.3680716,images/people/person386.jpg
387,Maryjane,Studdeard,mstuddeardaq@ezinearticles.com,824-179-8938,mstuddeardaq,KfSJQBSVjAn,33.226552,115.600976,images/people/person387.jpg
388,Sherwood,Welton,sweltonar@acquirethisname.com,525-142-6444,sweltonar,fAVifePksrAN,-17.28891,-70.04363,images/people/person388.jpg
389,Granger,Melville,gmelvilleas@stumbleupon.com,469-455-4966,gmelvilleas,hg97gR,31.070643,113.943274,images/people/person389.jpg
390,Marius,Kilmurray,mkilmurrayat@sciencedirect.com,340-150-2872,mkilmurrayat,b9gjXKZMi2Qn,49.9805725,19.5512903,images/people/person390.jpg
391,Meredith,Ockendon,mockendonau@bandcamp.com,219-313-2663,mockendonau,6bcememy0,54.9257823,20.3700368,images/people/person391.jpg
392,Gleda,D'Ugo,gdugoav@hhs.gov,744-506-3281,gdugoav,cnVepU,49.465597,16.1555481,images/people/person392.jpg
393,Lesley,Broggelli,lbroggelliaw@msu.edu,129-629-0796,lbroggelliaw,jotzsApFILS,55.6411722,37.8060214,images/people/person393.jpg
394,Tallou,Karlqvist,tkarlqvistax@bluehost.com,773-536-8590,tkarlqvistax,OaceLIIq,8.490877,124.345771,images/people/person394.jpg
395,Blair,Scroggins,bscrogginsay@jigsy.com,449-651-2433,bscrogginsay,x1j1SeIF0JYW,50.969668,18.7293002,images/people/person395.jpg
396,Robinia,Januszewski,rjanuszewskiaz@va.gov,946-691-0586,rjanuszewskiaz,3KizNJ10lWu,37.417116,121.241089,images/people/person396.jpg
397,Alvy,Biaggi,abiaggib0@360.cn,382-935-1513,abiaggib0,ZcPmZ6r9Op,25.416658,115.935862,images/people/person397.jpg
398,Gabbie,Doerren,gdoerrenb1@berkeley.edu,691-704-2132,gdoerrenb1,IBNAOwJ4wHga,40.97465,117.943348,images/people/person398.jpg
399,Chalmers,Mapam,cmapamb2@nytimes.com,254-780-8686,cmapamb2,yvsMcEXrBzQ,29.492402,118.604556,images/people/person399.jpg
400,Michaeline,Letson,mletsonb3@blinklist.com,904-881-7922,mletsonb3,XHjCfe7yLIMi,51.085544,13.6276849,images/people/person400.jpg
401,Norry,Jeandel,njeandelb4@blogspot.com,395-197-6451,njeandelb4,0kyjbz,37.9375856,22.8008984,images/people/person401.jpg
402,Spencer,Harnwell,sharnwellb5@boston.com,827-140-3164,sharnwellb5,Xx71cek,7.3410628,134.4771596,images/people/person402.jpg
403,Worden,Antwis,wantwisb6@forbes.com,295-746-9987,wantwisb6,gSJgJPpUc,38.7952662,-9.4665149,images/people/person403.jpg
404,Humfrey,Badsworth,hbadsworthb7@timesonline.co.uk,416-502-0230,hbadsworthb7,EJ0b8L,57.6975855,12.0551193,images/people/person404.jpg
405,Maure,Portwaine,mportwaineb8@slideshare.net,483-925-3881,mportwaineb8,5vVsdTBmNN,40.450839,44.600998,images/people/person405.jpg
406,Ronny,Penhearow,rpenhearowb9@mysql.com,121-637-5677,rpenhearowb9,EBL2IExHtf,41.821778,124.048453,images/people/person406.jpg
407,Sella,Guittet,sguittetba@go.com,236-714-7948,sguittetba,W7nnVLZu8,38.465785,106.278153,images/people/person407.jpg
408,Becca,Pickvance,bpickvancebb@qq.com,790-848-3218,bpickvancebb,dS1bWfizM5,12.8025919,45.0398942,images/people/person408.jpg
409,Edin,Gridley,egridleybc@opera.com,190-279-2441,egridleybc,EQESe3ijy,-7.3804443,108.0198557,images/people/person409.jpg
410,Cristi,Wedmore.,cwedmorebd@typepad.com,727-182-7700,cwedmorebd,w0buZ747tJre,55.6152783,37.9416367,images/people/person410.jpg
411,Samson,Standish,sstandishbe@themeforest.net,545-502-5244,sstandishbe,GC66dS0qgiU,37.9759033,22.9774589,images/people/person411.jpg
412,Adan,Zealander,azealanderbf@businessinsider.com,232-401-3025,azealanderbf,4JGpM1wOFOZP,25.261992,114.593792,images/people/person412.jpg
413,Laurena,Rainbow,lrainbowbg@marketwatch.com,344-727-2042,lrainbowbg,xIlMRML7IfQE,-7.6492089,111.4395128,images/people/person413.jpg
414,Court,Spillard,cspillardbh@ibm.com,299-885-1118,cspillardbh,y0VkqqH9C,39.4883941,-8.3535831,images/people/person414.jpg
415,Teodoro,Oherlihy,toherlihybi@xing.com,587-751-5860,toherlihybi,KmkALOhl,45.0575208,20.1945283,images/people/person415.jpg
416,Claudius,Mannock,cmannockbj@cnbc.com,545-192-0156,cmannockbj,cRf8wz,41.5203766,-8.3634846,images/people/person416.jpg
417,Clarabelle,Amerighi,camerighibk@xrea.com,437-142-2592,camerighibk,KMj9Zlk,58.00284,55.6720592,images/people/person417.jpg
418,Torrey,Sommerly,tsommerlybl@addthis.com,101-720-2437,tsommerlybl,vOHZlekuB,18.1311468,-66.6395219,images/people/person418.jpg
419,Emmye,Grenkov,egrenkovbm@senate.gov,881-718-7111,egrenkovbm,FaPelAg5f,41.8408189,23.0786372,images/people/person419.jpg
420,Josee,Baggarley,jbaggarleybn@psu.edu,520-625-7640,jbaggarleybn,cDiwcg3,-25.4328356,-48.7162067,images/people/person420.jpg
421,Donni,Shortin,dshortinbo@skyrock.com,253-458-0624,dshortinbo,bxNUOsOcYM,41.5331853,-8.2524001,images/people/person421.jpg
422,Ronny,Meese,rmeesebp@google.com.hk,750-867-3615,rmeesebp,51WGcI,42.5317628,72.2304571,images/people/person422.jpg
423,Desmund,Daile,ddailebq@ucoz.com,210-367-2256,ddailebq,gbTkfG6ZIAe,40.5369108,21.2582079,images/people/person423.jpg
424,Monro,McDonagh,mmcdonaghbr@shinystat.com,297-978-5692,mmcdonaghbr,ff0gNAurL,-22.8109177,47.3302847,images/people/person424.jpg
425,Tanhya,Fassam,tfassambs@bandcamp.com,208-137-1036,tfassambs,Q6k5HUXwavon,14.4713275,120.8889291,images/people/person425.jpg
426,Ettie,Mordue,emorduebt@addtoany.com,204-277-5591,emorduebt,u6Bb8kiT1wS,39.907483,116.442259,images/people/person426.jpg
427,Stillman,Hornig,shornigbu@hibu.com,141-553-1395,shornigbu,E8D2nO7X,41.8007356,-8.5394227,images/people/person427.jpg
428,Alane,Thomazet,athomazetbv@whitehouse.gov,931-794-4389,athomazetbv,q3vS86jf4,-6.8316639,39.2827032,images/people/person428.jpg
429,Janean,Summerill,jsummerillbw@theglobeandmail.com,595-109-8459,jsummerillbw,LjOUsuUShcnC,-29.9846105,-50.1326727,images/people/person429.jpg
430,Tedd,Kowalik,tkowalikbx@google.pl,872-773-9828,tkowalikbx,WdzsY5SEtS,28.668504,108.342379,images/people/person430.jpg
431,Dukey,Paskell,dpaskellby@walmart.com,285-390-8361,dpaskellby,S8wum9fz2MO,29.134418,115.762844,images/people/person431.jpg
432,Markus,Lymer,mlymerbz@cornell.edu,370-243-6156,mlymerbz,BUjzFBj7Rh8,10.4977514,-63.5540551,images/people/person432.jpg
433,Fonzie,Coldman,fcoldmanc0@posterous.com,863-646-9554,fcoldmanc0,upCmIbufq,48.7277622,100.7724281,images/people/person433.jpg
434,Tera,Taillant,ttaillantc1@japanpost.jp,969-896-8924,ttaillantc1,vizian6dV,40.2115069,19.6892266,images/people/person434.jpg
435,Vaclav,Uridge,vuridgec2@woothemes.com,802-831-5717,vuridgec2,vEE1YJeG,-26.3593066,25.9068847,images/people/person435.jpg
436,Edward,Stivens,estivensc3@chron.com,437-588-5495,estivensc3,2b48vFW,46.5210948,32.5201269,images/people/person436.jpg
437,Terrence,Grieves,tgrievesc4@linkedin.com,406-352-2192,tgrievesc4,gvXUXLrYx,19.3468041,-99.2002892,images/people/person437.jpg
438,Antonetta,Ebbin,aebbinc5@github.io,357-126-3413,aebbinc5,ySFB8apLZbt,50.0413118,19.2000652,images/people/person438.jpg
439,Ralph,Bartolini,rbartolinic6@auda.org.au,597-848-0226,rbartolinic6,MFG7Mr9Sj9L,3.8366437,-75.2245693,images/people/person439.jpg
440,Royce,Turney,rturneyc7@ox.ac.uk,299-191-0972,rturneyc7,PgecFvS,33.2445659,130.4529061,images/people/person440.jpg
441,Karly,Kinkaid,kkinkaidc8@skyrock.com,847-960-1151,kkinkaidc8,Tczr5OIrR,-8.6738819,115.2096864,images/people/person441.jpg
442,Nichole,Hallahan,nhallahanc9@japanpost.jp,859-720-7618,nhallahanc9,zRhOb8V4lSzg,55.41667,22.61667,images/people/person442.jpg
443,Berta,Swinburne,bswinburneca@51.la,165-246-3832,bswinburneca,7uCqtz,35.662808,140.164927,images/people/person443.jpg
444,Lisha,Coupe,lcoupecb@qq.com,393-672-8697,lcoupecb,1mwsA5dm,-14.25575,-74.8591919,images/people/person444.jpg
445,Lorant,Grodden,lgroddencc@xrea.com,464-260-3824,lgroddencc,fWngDa,14.9415552,-88.3263603,images/people/person445.jpg
446,Lolita,Dahill,ldahillcd@businesswire.com,272-328-2026,ldahillcd,f5oZ1g,51.8911132,31.5958532,images/people/person446.jpg
447,Janaye,Teas,jteasce@china.com.cn,176-659-4379,jteasce,czRURt9,33.92692,116.475691,images/people/person447.jpg
448,Gae,Kupis,gkupiscf@51.la,816-389-7881,gkupiscf,JU2ghiF5ttR,43.4146453,22.1271404,images/people/person448.jpg
449,Gustave,Stranahan,gstranahancg@wired.com,898-307-0276,gstranahancg,QHmd0j,-7.5691667,107.9047222,images/people/person449.jpg
450,Aimil,Barthel,abarthelch@newyorker.com,609-925-2070,abarthelch,WOUETYBNljA,5.312706,103.1353009,images/people/person450.jpg
451,Lindsy,Braime,lbraimeci@unblog.fr,104-577-3819,lbraimeci,SXFgQOI,22.551367,114.088418,images/people/person451.jpg
452,Dinah,Manthroppe,dmanthroppecj@craigslist.org,932-949-1691,dmanthroppecj,nZ04VIHi,14.5968528,121.0670507,images/people/person452.jpg
453,Reid,Uzielli,ruziellick@reuters.com,695-457-3230,ruziellick,SIsaNn,40.657978,109.840313,images/people/person453.jpg
454,Lester,Radbourne,lradbournecl@springer.com,808-827-3733,lradbournecl,P0as4Lc,49.6870858,15.9920641,images/people/person454.jpg
455,Abrahan,Fawdrey,afawdreycm@woothemes.com,752-282-9675,afawdreycm,XMNq2eV,48.3115536,38.2778412,images/people/person455.jpg
456,Cart,Parsall,cparsallcn@slideshare.net,798-976-9836,cparsallcn,2fxYtm,59.5194054,15.9767049,images/people/person456.jpg
457,Abbe,Cosgry,acosgryco@chronoengine.com,384-130-1817,acosgryco,MdfwKjNGt9,45.7787293,3.0857432,images/people/person457.jpg
458,Isador,Fyall,ifyallcp@dion.ne.jp,586-795-7787,ifyallcp,Kl7Zc1Lob77,-27.946449,-52.9164069,images/people/person458.jpg
459,Tobie,Rosewell,trosewellcq@merriam-webster.com,943-261-9690,trosewellcq,V6SDguloRwUe,44.760391,127.082675,images/people/person459.jpg
460,Ransom,Willford,rwillfordcr@cnn.com,815-549-4223,rwillfordcr,3Tgzon5A,-29.4169973,24.7380385,images/people/person460.jpg
461,Charmian,Landall,clandallcs@mlb.com,711-688-9701,clandallcs,C3CC6TLhg,-17.3013059,31.3198491,images/people/person461.jpg
462,Ad,Cozby,acozbyct@cafepress.com,775-819-4793,acozbyct,XziNsz8EcZ,43.817071,125.323544,images/people/person462.jpg
463,Issie,Porrett,iporrettcu@slashdot.org,499-553-4952,iporrettcu,f3KqqPD3Z9r,34.041367,110.827862,images/people/person463.jpg
464,Antonia,Claridge,aclaridgecv@typepad.com,131-441-5798,aclaridgecv,4MuG3hclolbk,-4.233333,-81.05,images/people/person464.jpg
465,Fredelia,Maltman,fmaltmancw@artisteer.com,698-240-3517,fmaltmancw,gTEgArqsWnN,43.516667,109.116667,images/people/person465.jpg
466,Emmet,Zupa,ezupacx@mlb.com,212-939-5957,ezupacx,go1uUg8Fp,40.888872,19.5181312,images/people/person466.jpg
467,Kathye,Jaggi,kjaggicy@stanford.edu,630-304-4859,kjaggicy,erdKiTDwqaK,54.1463269,12.1186173,images/people/person467.jpg
468,Jsandye,Scally,jscallycz@weather.com,238-603-1841,jscallycz,dnSVfnVh,28.65638,121.42076,images/people/person468.jpg
469,Gloriane,Winborn,gwinbornd0@facebook.com,629-154-6607,gwinbornd0,iuJ7Ev,14.1507357,120.878102,images/people/person469.jpg
470,Alden,Djuricic,adjuricicd1@ustream.tv,201-564-0766,adjuricicd1,fT6nj3,14.565668,121.0317737,images/people/person470.jpg
471,Nadean,Lortz,nlortzd2@reuters.com,390-172-0488,nlortzd2,8JQG9PiLk8s,31.627447,121.022581,images/people/person471.jpg
472,Harv,Grahamslaw,hgrahamslawd3@reverbnation.com,661-959-1441,hgrahamslawd3,ipyDZR3eW37,58.276821,12.3176309,images/people/person472.jpg
473,Barbabra,Krugmann,bkrugmannd4@dropbox.com,414-512-1137,bkrugmannd4,Wk6PeavI11,56.16667,22.1,images/people/person473.jpg
474,Martainn,Dawney,mdawneyd5@csmonitor.com,876-428-5618,mdawneyd5,WBUvD215kg,-10.7397921,-37.809338,images/people/person474.jpg
475,Connie,Oley,coleyd6@globo.com,510-127-5119,coleyd6,VGkO6D,31.850989,35.183103,images/people/person475.jpg
476,Noak,Cartwright,ncartwrightd7@yale.edu,173-647-3714,ncartwrightd7,kM8lyVFgMZg,31.25561,113.688941,images/people/person476.jpg
477,Isiahi,Ricciardi,iricciardid8@accuweather.com,338-456-9716,iricciardid8,Wz94N5,4.6690872,-74.1386906,images/people/person477.jpg
478,Quill,Stebbings,qstebbingsd9@people.com.cn,711-986-5545,qstebbingsd9,eRtgR35odWD,42.0876245,-8.2745719,images/people/person478.jpg
479,Sadie,Hansard,shansardda@gnu.org,195-123-9806,shansardda,52CZs8,30.9658281,72.5694175,images/people/person479.jpg
480,Parsifal,Whyler,pwhylerdb@technorati.com,678-931-5448,pwhylerdb,ClEQDh,57.6294504,53.0252053,images/people/person480.jpg
481,Latrena,Toseland,ltoselanddc@intel.com,800-419-0691,ltoselanddc,9WOGweA,41.2096879,-7.8210803,images/people/person481.jpg
482,Prince,Tibbetts,ptibbettsdd@foxnews.com,591-773-8630,ptibbettsdd,4BetLen4,2.47189,96.368393,images/people/person482.jpg
483,Chantalle,Anglim,canglimde@fastcompany.com,343-840-9572,canglimde,HW40Hbnw1Eoj,33.2667748,131.5110953,images/people/person483.jpg
484,Carey,Creak,ccreakdf@bbb.org,702-929-3402,ccreakdf,U0DlCVR,7.7630152,5.7247169,images/people/person484.jpg
485,Terry,Gull,tgulldg@seattletimes.com,770-560-1973,tgulldg,P9oOL8DzRj,49.8151822,19.3771749,images/people/person485.jpg
486,Melodie,Gove,mgovedh@liveinternet.ru,318-334-3436,mgovedh,14Jbrny5st,15.5754812,120.7990105,images/people/person486.jpg
487,Collin,Durling,cdurlingdi@clickbank.net,408-136-4608,cdurlingdi,lPdNkFn,4.9741169,9.9353318,images/people/person487.jpg
488,Lisette,Blumire,lblumiredj@mac.com,422-207-1349,lblumiredj,d20iF1FqD,4.4354347,14.3617343,images/people/person488.jpg
489,Wendy,Judd,wjudddk@ebay.com,876-740-8403,wjudddk,00nCC2FmbHX,-7.3170603,109.2891005,images/people/person489.jpg
490,Kerby,Risborough,krisboroughdl@scribd.com,117-355-3728,krisboroughdl,4qBUGeIEtyM,42.82042,44.68139,images/people/person490.jpg
491,Greggory,Rentoul,grentouldm@canalblog.com,458-643-8337,grentouldm,w806UA5itKuw,58.2031055,40.1130016,images/people/person491.jpg
492,Wald,Barnwill,wbarnwilldn@naver.com,430-728-2852,wbarnwilldn,sIoaHTv4Q,38.103487,117.742101,images/people/person492.jpg
493,Liam,Wager,lwagerdo@ox.ac.uk,215-845-1539,lwagerdo,3CS7CtqK,39.9793657,-75.1253492,images/people/person493.jpg
494,Hersch,Cordero,hcorderodp@nba.com,539-179-6299,hcorderodp,Wet801Kj8,8.2608053,123.0748243,images/people/person494.jpg
495,Carson,Silcock,csilcockdq@amazon.com,266-814-7545,csilcockdq,okjyYqDxrr5,48.7699292,30.2154406,images/people/person495.jpg
496,Chevy,Hinkens,chinkensdr@wp.com,913-680-0768,chinkensdr,IqXu8Oo,39.0269443,-94.6673484,images/people/person496.jpg
497,Augustine,Lude,aludeds@hubpages.com,740-380-0486,aludeds,lZI30b9s,41.3525,79.46861,images/people/person497.jpg
498,Culver,De Anesy,cdeanesydt@dot.gov,878-958-7326,cdeanesydt,kJlj5UkveJ,45.7873408,126.7075176,images/people/person498.jpg
499,Willy,Stenton,wstentondu@independent.co.uk,181-485-4146,wstentondu,sqntxhsKL6,7.0961815,122.2344795,images/people/person499.jpg
